"Порядковый номер";"Приоритет конкурса";"Подано согласие";"Сумма баллов";"Баллы за ВИ";"Баллы за ИД";"Статус";"Код поступающего";"Дата выбора конкурсной группы по Москве"
1;1;"—";288;"95 94 89";10;"Участвуете в конкурсе";2047342;"13.07.2026 в 18:00"
2;2;"—";286;"88 94 94";10;"На рассмотрении";1610075;"04.07.2026 в 14:21"
3;4;"—";278;"86 93 89";10;"Участвуете в конкурсе";1901718;"09.07.2026 в 17:04"
4;1;"—";271;"92 98 81";0;"На рассмотрении";1128986;"25.06.2026 в 18:06"
5;2;"—";271;"88 92 81";10;"На рассмотрении";1736057;"07.07.2026 в 08:16"
6;1;"—";267;"90 84 83";10;"На рассмотрении";1195350;"01.07.2026 в 19:17"
7;4;"Электронное";259;"88 88 73";10;"На рассмотрении";2152252;"16.07.2026 в 14:29"
8;3;"—";258;"90 88 78";2;"Участвуете в конкурсе";1478345;"07.07.2026 в 00:08"
9;4;"—";252;"82 90 70";10;"На рассмотрении";1331996;"15.07.2026 в 19:43"
10;2;"—";250;"74 80 94";2;"На рассмотрении";1450367;"02.07.2026 в 07:37"
11;2;"Бумажное";250;"80 74 86";10;"Участвуете в конкурсе";1869968;"09.07.2026 в 10:22"
12;2;"—";249;"82 79 78";10;"На рассмотрении";1473637;"07.07.2026 в 20:37"
13;1;"—";247;"86 78 73";10;"На рассмотрении";1425671;"05.07.2026 в 20:15"
14;5;"—";243;"88 90 63";2;"Участвуете в конкурсе";1449996;"02.07.2026 в 07:24"
15;2;"—";241;"86 73 72";10;"Участвуете в конкурсе";1781500;"07.07.2026 в 16:54"
16;4;"—";239;"72 90 73";4;"На рассмотрении";2192233;"17.07.2026 в 10:06"
17;4;"—";239;"78 73 78";10;"На рассмотрении";1193700;"04.07.2026 в 17:36"
18;4;"—";238;"78 88 70";2;"Участвуете в конкурсе";1982570;"11.07.2026 в 17:04"
19;2;"—";238;"84 80 64";10;"На рассмотрении";1464332;"03.07.2026 в 09:27"
20;4;"Бумажное";238;"80 75 73";10;"Участвуете в конкурсе";1822374;"08.07.2026 в 12:43"
21;3;"Электронное";237;"72 72 86";7;"Участвуете в конкурсе";1220132;"09.07.2026 в 20:14"
22;3;"—";236;"78 67 81";10;"На рассмотрении";1398101;"08.07.2026 в 18:04"
23;5;"—";236;"80 55 91";10;"На рассмотрении";2184100;"17.07.2026 в 00:55"
24;5;"—";234;"80 80 64";10;"На рассмотрении";1288694;"09.07.2026 в 11:27"
25;3;"—";233;"78 67 86";2;"Участвуете в конкурсе";1669065;"06.07.2026 в 10:13"
26;3;"—";233;"70 72 81";10;"Участвуете в конкурсе";1960710;"10.07.2026 в 20:42"
27;3;"Электронное";230;"84 78 66";2;"Участвуете в конкурсе";1330460;"30.06.2026 в 15:15"
28;4;"Электронное";229;"80 78 61";10;"Участвуете в конкурсе";977703;"20.06.2026 в 17:22"
29;3;"—";228;"72 73 81";2;"Участвуете в конкурсе";1418890;"01.07.2026 в 16:13"
30;4;"Электронное";228;"76 79 69";4;"Участвуете в конкурсе";1377833;"01.07.2026 в 09:47"
31;3;"—";228;"82 73 63";10;"На рассмотрении";1680216;"06.07.2026 в 12:02"
32;5;"—";227;"82 80 61";4;"Участвуете в конкурсе";1600419;"04.07.2026 в 11:42"
33;1;"—";226;"80 70 66";10;"На рассмотрении";1192548;"30.06.2026 в 10:32"
34;3;"Бумажное";226;"76 67 73";10;"Участвуете в конкурсе";1815409;"08.07.2026 в 11:26"
35;4;"—";224;"72 70 72";10;"На рассмотрении";1501366;"17.07.2026 в 15:50"
36;3;"Бумажное";224;"70 74 70";10;"Участвуете в конкурсе";2027647;"13.07.2026 в 12:54"
37;5;"—";222;"76 75 69";2;"Участвуете в конкурсе";1568334;"03.07.2026 в 18:24"
38;1;"—";222;"78 70 64";10;"Участвуете в конкурсе";1348919;"30.06.2026 в 19:33"
39;2;"Бумажное";222;"70 56 86";10;"Участвуете в конкурсе";1375596;"01.07.2026 в 09:15"
40;4;"Электронное";221;"76 65 78";2;"Участвуете в конкурсе";1436933;"01.07.2026 в 20:54"
41;1;"—";221;"74 56 81";10;"На рассмотрении";1426839;"01.07.2026 в 17:56"
42;5;"Электронное";220;"70 75 75";0;"Участвуете в конкурсе";1884964;"13.07.2026 в 15:15"
43;3;"—";220;"82 64 72";2;"Участвуете в конкурсе";1201094;"05.07.2026 в 14:55"
44;3;"—";219;"74 72 63";10;"Участвуете в конкурсе";1195273;"28.06.2026 в 14:34"
45;4;"Электронное";219;"82 64 63";10;"Участвуете в конкурсе";1259125;"30.06.2026 в 10:10"
46;4;"—";217;"70 67 78";2;"Участвуете в конкурсе";991401;"21.06.2026 в 11:14"
47;4;"—";217;"84 68 63";2;"Участвуете в конкурсе";1143887;"05.07.2026 в 20:55"
48;2;"—";217;"76 67 72";2;"Участвуете в конкурсе";1356103;"08.07.2026 в 10:24"
49;3;"—";216;"64 67 83";2;"Участвуете в конкурсе";1419018;"01.07.2026 в 16:15"
50;1;"Электронное";216;"72 61 81";2;"На рассмотрении";2152503;"16.07.2026 в 11:20"
51;1;"—";215;"76 70 67";2;"Участвуете в конкурсе";1771853;"07.07.2026 в 15:00"
52;2;"—";215;"74 64 67";10;"Участвуете в конкурсе";1186745;"09.07.2026 в 18:56"
53;5;"—";215;"72 67 66";10;"Участвуете в конкурсе";1496357;"02.07.2026 в 16:05"
54;5;"—";214;"74 72 66";2;"Участвуете в конкурсе";1185650;"28.06.2026 в 10:51"
55;3;"—";214;"70 56 78";10;"Конкурсная группа исключена";1660370;"06.07.2026 в 07:46"
56;3;"—";213;"74 54 83";2;"Участвуете в конкурсе";2050881;"13.07.2026 в 20:00"
57;5;"—";212;"70 70 70";2;"Участвуете в конкурсе";1185698;"01.07.2026 в 16:43"
58;2;"—";211;"70 53 81";7;"Участвуете в конкурсе";1281485;"01.07.2026 в 10:40"
59;5;"Электронное";211;"74 67 63";7;"Участвуете в конкурсе";1802859;"08.07.2026 в 08:00"
60;3;"—";210;"74 65 69";2;"Участвуете в конкурсе";1577933;"03.07.2026 в 19:30"
61;5;"—";209;"70 54 83";2;"Участвуете в конкурсе";1978838;"11.07.2026 в 14:38"
62;3;"—";209;"72 77 58";2;"Участвуете в конкурсе";2075732;"14.07.2026 в 13:03"
63;3;"—";209;"80 70 52";7;"Участвуете в конкурсе";1857376;"13.07.2026 в 22:14"
64;3;"—";208;"70 64 72";2;"Конкурсная группа исключена";1259913;"29.06.2026 в 21:42"
65;1;"Бумажное";208;"64 68 66";10;"Участвуете в конкурсе";1374187;"01.07.2026 в 08:48"
66;1;"Электронное";208;"76 65 57";10;"Участвуете в конкурсе";1429514;"01.07.2026 в 18:41"
67;5;"Электронное";208;"70 64 64";10;"Участвуете в конкурсе";1579959;"03.07.2026 в 20:23"
68;4;"—";208;"70 64 64";10;"Участвуете в конкурсе";1836056;"08.07.2026 в 15:12"
69;4;"—";208;"58 70 70";10;"На рассмотрении";2229340;"17.07.2026 в 23:20"
70;1;"Бумажное";207;"66 54 85";2;"Участвуете в конкурсе";947974;"20.06.2026 в 09:45"
71;5;"—";207;"80 61 64";2;"Участвуете в конкурсе";1948442;"10.07.2026 в 15:26"
72;2;"—";207;"72 62 63";10;"Участвуете в конкурсе";1483296;"02.07.2026 в 14:00"
73;3;"—";207;"64 67 66";10;"Участвуете в конкурсе";1717214;"06.07.2026 в 18:17"
74;3;"Электронное";206;"72 64 70";0;"Участвуете в конкурсе";1569310;"03.07.2026 в 18:28"
75;4;"Электронное";206;"76 64 64";2;"Участвуете в конкурсе";1350560;"30.06.2026 в 18:17"
76;5;"—";206;"70 62 72";2;"Участвуете в конкурсе";1881606;"09.07.2026 в 12:43"
77;3;"Электронное";206;"70 59 67";10;"Участвуете в конкурсе";1191119;"28.06.2026 в 12:56"
78;1;"—";205;"64 67 72";2;"Участвуете в конкурсе";950149;"20.06.2026 в 10:15"
79;1;"—";205;"76 64 63";2;"Участвуете в конкурсе";1222168;"29.06.2026 в 08:47"
80;5;"Бумажное";205;"72 62 69";2;"Участвуете в конкурсе";1383136;"01.07.2026 в 10:46"
81;2;"—";205;"76 67 60";2;"Участвуете в конкурсе";1558525;"13.07.2026 в 18:08"
82;4;"—";204;"64 64 66";10;"Участвуете в конкурсе";1711489;"06.07.2026 в 17:20"
83;1;"—";202;"72 65 63";2;"Участвуете в конкурсе";1066612;"04.07.2026 в 16:18"
84;4;"—";202;"64 64 64";10;"Участвуете в конкурсе";1301057;"06.07.2026 в 14:37"
85;4;"—";202;"64 70 58";10;"Участвуете в конкурсе";1334074;"30.06.2026 в 15:20"
86;2;"—";201;"70 51 70";10;"Участвуете в конкурсе";1842728;"08.07.2026 в 16:39"
87;3;"Бумажное";199;"74 62 61";2;"Участвуете в конкурсе";1297961;"30.06.2026 в 08:28"
88;5;"—";199;"64 75 58";2;"Участвуете в конкурсе";1593614;"04.07.2026 в 09:53"
89;4;"—";199;"76 64 49";10;"На рассмотрении";1272154;"15.07.2026 в 16:01"
90;4;"—";199;"72 51 66";10;"На рассмотрении";1636092;"05.07.2026 в 13:30"
91;3;"—";198;"64 59 73";2;"Участвуете в конкурсе";1850011;"09.07.2026 в 13:01"
92;3;"Бумажное";197;"70 73 52";2;"Участвуете в конкурсе";1936521;"10.07.2026 в 12:44"
93;4;"—";197;"84 44 67";2;"На рассмотрении";2131188;"15.07.2026 в 16:22"
94;5;"Электронное";196;"74 56 66";0;"Участвуете в конкурсе";1310137;"30.06.2026 в 11:14"
95;2;"—";196;"74 62 60";0;"Участвуете в конкурсе";1727469;"06.07.2026 в 22:07"
96;2;"—";196;"74 62 58";2;"Участвуете в конкурсе";1718694;"06.07.2026 в 18:47"
97;2;"Электронное";196;"64 61 69";2;"Участвуете в конкурсе";1907035;"09.07.2026 в 19:10"
98;2;"Бумажное";196;"64 74 54";4;"На рассмотрении";2208961;"17.07.2026 в 14:18"
99;4;"—";196;"72 65 49";10;"Конкурсная группа исключена";1447342;"02.07.2026 в 14:52"
100;4;"—";196;"70 58 58";10;"Участвуете в конкурсе";1692173;"06.07.2026 в 13:44"
101;4;"—";194;"64 71 57";2;"Участвуете в конкурсе";1497230;"02.07.2026 в 16:19"
102;1;"—";194;"70 54 60";10;"На рассмотрении";1169324;"15.07.2026 в 13:34"
103;4;"—";194;"52 54 78";10;"Конкурсная группа исключена";1326102;"30.06.2026 в 13:53"
104;4;"—";193;"72 61 58";2;"Участвуете в конкурсе";1960293;"10.07.2026 в 20:24"
105;5;"—";193;"72 56 63";2;"Участвуете в конкурсе";2094200;"14.07.2026 в 18:51"
106;4;"—";192;"72 48 70";2;"Участвуете в конкурсе";1314372;"30.06.2026 в 11:55"
107;3;"—";192;"64 62 64";2;"На рассмотрении";2220187;"17.07.2026 в 17:27"
108;2;"—";191;"70 56 63";2;"Участвуете в конкурсе";1679129;"06.07.2026 в 11:49"
109;1;"—";190;"72 46 70";2;"На рассмотрении";1980763;"11.07.2026 в 15:49"
110;4;"Электронное";189;"70 62 55";2;"Участвуете в конкурсе";1565125;"03.07.2026 в 18:10"
111;3;"—";189;"70 54 63";2;"На рассмотрении";2220930;"17.07.2026 в 17:46"
112;2;"—";188;"64 65 57";2;"Участвуете в конкурсе";1192964;"28.06.2026 в 13:40"
113;4;"—";188;"70 59 57";2;"Участвуете в конкурсе";1288681;"14.07.2026 в 02:00"
114;4;"Бумажное";188;"72 59 55";2;"Участвуете в конкурсе";2060565;"14.07.2026 в 08:45"
115;3;"—";188;"58 59 69";2;"На рассмотрении";2231029;"18.07.2026 в 03:32"
116;2;"—";188;"64 53 61";10;"Участвуете в конкурсе";1073494;"24.06.2026 в 20:36"
117;4;"Электронное";187;"64 67 54";2;"Участвуете в конкурсе";1186706;"28.06.2026 в 15:21"
118;4;"—";187;"72 70 43";2;"Участвуете в конкурсе";1299857;"30.06.2026 в 09:11"
119;5;"Электронное";187;"70 54 61";2;"Участвуете в конкурсе";1855811;"12.07.2026 в 12:11"
120;1;"—";187;"70 54 61";2;"Участвуете в конкурсе";2009247;"13.07.2026 в 12:33"
121;5;"—";187;"70 46 61";10;"Участвуете в конкурсе";1306147;"08.07.2026 в 21:25"
122;6;"—";186;"70 51 63";2;"На рассмотрении";1309910;"16.07.2026 в 23:38"
123;4;"Бумажное";186;"64 54 66";2;"Участвуете в конкурсе";1389094;"01.07.2026 в 11:41"
124;1;"—";186;"74 43 67";2;"Участвуете в конкурсе";1475132;"06.07.2026 в 11:12"
125;2;"—";186;"58 62 64";2;"Участвуете в конкурсе";1543263;"03.07.2026 в 14:06"
126;2;"—";185;"72 48 63";2;"Участвуете в конкурсе";1337229;"30.06.2026 в 15:27"
127;1;"—";185;"58 62 63";2;"На рассмотрении";1853984;"16.07.2026 в 13:05"
128;3;"—";185;"78 62 43";2;"На рассмотрении";2031897;"15.07.2026 в 16:34"
129;1;"—";185;"64 67 52";2;"На рассмотрении";2230691;"18.07.2026 в 01:54"
130;2;"—";184;"72 48 64";0;"Участвуете в конкурсе";1532590;"04.07.2026 в 11:53"
131;2;"Бумажное";184;"64 48 70";2;"Участвуете в конкурсе";1943626;"10.07.2026 в 14:20"
132;2;"—";183;"70 56 55";2;"Участвуете в конкурсе";1549081;"03.07.2026 в 13:50"
133;4;"—";183;"64 61 48";10;"Участвуете в конкурсе";1466093;"11.07.2026 в 21:13"
134;1;"—";182;"64 56 52";10;"Участвуете в конкурсе";1208731;"09.07.2026 в 14:55"
135;4;"—";181;"72 51 58";0;"На рассмотрении";1337218;"30.06.2026 в 15:27"
136;5;"—";179;"76 49 52";2;"Участвуете в конкурсе";2067650;"14.07.2026 в 11:07"
137;5;"—";178;"64 54 58";2;"Участвуете в конкурсе";1203256;"14.07.2026 в 01:10"
138;3;"Бумажное";178;"64 46 66";2;"Участвуете в конкурсе";1804522;"08.07.2026 в 08:52"
139;1;"—";178;"64 51 61";2;"Участвуете в конкурсе";1833665;"08.07.2026 в 14:46"
140;5;"—";178;"64 61 51";2;"Участвуете в конкурсе";1971066;"11.07.2026 в 11:03"
141;1;"—";178;"70 54 52";2;"На рассмотрении";2203363;"17.07.2026 в 12:57"
142;5;"—";178;"58 46 64";10;"Участвуете в конкурсе";1323911;"05.07.2026 в 21:18"
143;3;"Бумажное";176;"58 62 54";2;"Участвуете в конкурсе";1316609;"30.06.2026 в 12:16"
144;4;"—";176;"70 44 60";2;"Участвуете в конкурсе";1411240;"02.07.2026 в 12:34"
145;5;"—";176;"64 61 49";2;"Участвуете в конкурсе";1481994;"02.07.2026 в 15:44"
146;5;"—";175;"52 67 54";2;"Участвуете в конкурсе";1260572;"29.06.2026 в 21:43"
147;2;"—";175;"70 48 55";2;"Участвуете в конкурсе";1612394;"04.07.2026 в 15:08"
148;3;"—";175;"40 67 66";2;"Участвуете в конкурсе";1900276;"09.07.2026 в 16:38"
149;4;"Бумажное";174;"64 62 46";2;"На рассмотрении";2195841;"17.07.2026 в 11:07"
150;2;"—";173;"70 46 55";2;"Участвуете в конкурсе";1502148;"02.07.2026 в 17:14"
151;4;"—";172;"52 54 64";2;"На рассмотрении";1760057;"16.07.2026 в 18:10"
152;4;"—";171;"58 56 55";2;"На рассмотрении";2217837;"17.07.2026 в 16:38"
153;1;"—";170;"52 51 67";0;"Участвуете в конкурсе";1942046;"10.07.2026 в 13:59"
154;2;"Бумажное";170;"52 59 49";10;"На рассмотрении";2201949;"17.07.2026 в 12:35"
155;4;"Бумажное";169;"64 51 52";2;"На рассмотрении";2187586;"17.07.2026 в 07:50"
156;4;"—";169;"64 43 52";10;"Участвуете в конкурсе";1864849;"09.07.2026 в 08:47"
157;1;"Электронное";168;"64 48 54";2;"Конкурсная группа исключена";1573938;"03.07.2026 в 18:50"
158;4;"—";168;"52 56 58";2;"Участвуете в конкурсе";1680463;"07.07.2026 в 20:30"
159;2;"Электронное";168;"64 48 54";2;"Участвуете в конкурсе";1785727;"07.07.2026 в 18:10"
160;3;"—";168;"52 56 58";2;"На рассмотрении";2117590;"15.07.2026 в 12:35"
161;4;"—";168;"58 48 54";8;"Участвуете в конкурсе";1366526;"01.07.2026 в 13:48"
162;1;"—";167;"58 56 51";2;"Участвуете в конкурсе";1361222;"01.07.2026 в 20:32"
163;2;"—";166;"52 56 58";0;"Участвуете в конкурсе";1381344;"01.07.2026 в 10:29"
164;2;"—";166;"70 51 45";0;"Передано в вуз";2234506;"18.07.2026 в 09:56"
165;1;"—";166;"58 48 60";0;"Передано в вуз";2241112;"18.07.2026 в 13:01"
166;3;"—";166;"58 64 42";2;"Конкурсная группа исключена";1114198;"18.07.2026 в 09:52"
167;3;"—";166;"40 56 60";10;"Участвуете в конкурсе";1740097;"07.07.2026 в 09:36"
168;5;"Электронное";165;"64 46 55";0;"Участвуете в конкурсе";1278905;"29.06.2026 в 21:59"
169;3;"—";165;"58 49 58";0;"Участвуете в конкурсе";1373301;"14.07.2026 в 09:05"
170;3;"—";165;"58 53 52";2;"Участвуете в конкурсе";1239965;"29.06.2026 в 21:18"
171;1;"Бумажное";164;"64 53 45";2;"Участвуете в конкурсе";1373571;"01.07.2026 в 08:33"
172;4;"Бумажное";164;"58 43 61";2;"Участвуете в конкурсе";1862932;"09.07.2026 в 07:32"
173;5;"Бумажное";164;"40 56 66";2;"Участвуете в конкурсе";2067494;"14.07.2026 в 11:04"
174;5;"Бумажное";163;"40 53 70";0;"Участвуете в конкурсе";1525903;"03.07.2026 в 07:30"
175;3;"—";163;"52 46 55";10;"Участвуете в конкурсе";1069073;"23.06.2026 в 16:45"
176;4;"—";162;"52 56 52";2;"Участвуете в конкурсе";1784136;"07.07.2026 в 17:39"
177;5;"—";161;"64 48 49";0;"Участвуете в конкурсе";1072815;"23.06.2026 в 19:07"
178;4;"—";161;"58 46 57";0;"На рассмотрении";1958399;"10.07.2026 в 19:07"
179;2;"—";161;"64 49 46";2;"На рассмотрении";2227595;"17.07.2026 в 21:45"
180;5;"—";161;"64 44 43";10;"Участвуете в конкурсе";1372514;"01.07.2026 в 08:24"
181;2;"Электронное";159;"64 41 52";2;"Участвуете в конкурсе";1258382;"01.07.2026 в 11:25"
182;1;"—";159;"52 51 54";2;"Участвуете в конкурсе";1306001;"30.06.2026 в 10:33"
183;3;"Бумажное";159;"52 48 57";2;"На рассмотрении";2103944;"15.07.2026 в 07:34"
184;4;"—";159;"64 44 49";2;"На рассмотрении";2151308;"16.07.2026 в 10:57"
185;3;"—";158;"64 43 49";2;"Участвуете в конкурсе";1259953;"29.06.2026 в 21:42"
186;2;"—";158;"58 44 54";2;"Участвуете в конкурсе";1460286;"02.07.2026 в 10:28"
187;1;"—";157;"52 54 49";2;"Участвуете в конкурсе";1195225;"29.06.2026 в 21:47"
188;3;"—";156;"58 54 42";2;"Участвуете в конкурсе";1375397;"09.07.2026 в 17:47"
189;5;"—";156;"64 44 46";2;"Участвуете в конкурсе";1558928;"03.07.2026 в 17:42"
190;3;"—";155;"64 43 48";0;"Участвуете в конкурсе";1119167;"29.06.2026 в 21:46"
191;2;"Бумажное";155;"40 54 61";0;"Участвуете в конкурсе";1137435;"26.06.2026 в 09:25"
192;4;"—";155;"58 53 42";2;"Участвуете в конкурсе";1365445;"30.06.2026 в 23:30"
193;4;"—";154;"70 27 55";2;"На рассмотрении";1183643;"07.07.2026 в 11:41"
194;3;"—";153;"58 46 49";0;"Участвуете в конкурсе";1220544;"29.06.2026 в 08:06"
195;5;"—";153;"46 54 51";2;"На рассмотрении";2204536;"17.07.2026 в 13:15"
196;2;"—";152;"46 46 58";2;"На рассмотрении";2172597;"16.07.2026 в 17:24"
197;5;"—";150;"46 62 40";2;"Участвуете в конкурсе";1435380;"07.07.2026 в 13:57"
198;3;"—";150;"52 51 45";2;"Участвуете в конкурсе";1591480;"04.07.2026 в 09:08"
199;3;"Электронное";147;"40 54 51";2;"Участвуете в конкурсе";1278564;"30.06.2026 в 20:16"
200;3;"Бумажное";146;"46 46 52";2;"Участвуете в конкурсе";1590046;"04.07.2026 в 08:22"
201;2;"—";138;"52 41 43";2;"Участвуете в конкурсе";2115795;"15.07.2026 в 12:06"
202;1;"Бумажное";131;"64 20 47";0;"На рассмотрении";1450094;"02.07.2026 в 07:27"
203;2;"—";124;"40 33 46";5;"На рассмотрении";1200785;"28.06.2026 в 16:43"
204;5;"—";111;"44 57";10;"На рассмотрении";1578759;"03.07.2026 в 19:51"
205;4;"—";108;"34 32 40";2;"На рассмотрении";1505430;"05.07.2026 в 18:30"
206;5;"Бумажное";106;"54 52";0;"На рассмотрении";1475537;"02.07.2026 в 12:49"
207;2;"—";71;"71";0;"На рассмотрении";1721341;"06.07.2026 в 19:40"
208;5;"Бумажное";55;"55";0;"На рассмотрении";2021357;"13.07.2026 в 11:34"
209;5;"—";0;"";0;"Конкурсная группа исключена";1373874;"01.07.2026 в 09:53"
210;2;"—";0;"";0;"На рассмотрении";1379817;"01.07.2026 в 10:12"
211;3;"—";0;"";0;"На рассмотрении";1386642;"01.07.2026 в 11:29"
212;3;"Бумажное";0;"";0;"На рассмотрении";1468823;"02.07.2026 в 11:48"
213;4;"—";0;"";0;"На рассмотрении";1492661;"07.07.2026 в 14:30"
214;1;"—";0;"";0;"На рассмотрении";1870848;"09.07.2026 в 16:54"
215;3;"Электронное";0;"";0;"Конкурсная группа исключена";2057748;"14.07.2026 в 05:25"
216;2;"Бумажное";0;"";0;"На рассмотрении";2119221;"17.07.2026 в 07:35"
217;3;"Бумажное";0;"";0;"На рассмотрении";2232001;"18.07.2026 в 07:20"
218;3;"—";0;"";0;"Передано в вуз";2246942;"18.07.2026 в 16:16"